n_genes	mean_ePST	sd_ePST	median_ePST	q90_ePST	q95_ePST	q99_ePST	n_above_q95	prop_above_0_12
19238	0.179646387311935	0.177052080492167	0.121795342225798	0.443770397957246	0.534365095750473	0.694905213205749	962	0.50343071005302
